{"balance": 100025.6953125, "qty": 0, "buy_price": 88202.8671875}